transaction_id,user_id,merchant_id,transaction_date,amount,currency,status,fraud
316,66,15,2024-01-01 00:22:24,39.57,EUR,approved,0
442,31,26,2024-01-01 00:46:06,62.98,USD,approved,0
259,18,28,2024-01-01 00:53:53,47.64,GBP,approved,1
628,37,30,2024-01-01 03:19:31,25.01,USD,approved,0
789,55,24,2024-01-01 03:24:34,32.05,USD,reversed,0
646,33,15,2024-01-01 03:56:26,24.36,USD,approved,0
401,100,43,2024-01-01 04:39:04,49.08,USD,approved,0
202,91,24,2024-01-01 05:24:18,17.11,USD,approved,0
443,14,47,2024-01-01 06:47:55,47.55,USD,reversed,0
975,15,28,2024-01-01 12:28:21,28.63,USD,approved,0
90,84,8,2024-01-01 14:13:54,41.98,EUR,approved,0
171,11,32,2024-01-01 15:03:01,15.93,USD,approved,0
138,4,19,2024-01-01 16:43:25,38.21,USD,approved,0
261,80,14,2024-01-01 17:06:45,62.08,EUR,approved,1
712,53,24,2024-01-01 17:15:31,17.35,EUR,approved,0
329,15,34,2024-01-01 18:58:13,39.68,USD,approved,0
223,71,49,2024-01-01 19:00:35,23.98,USD,approved,0
636,69,27,2024-01-01 19:06:12,53.03,USD,approved,0
410,2,15,2024-01-01 19:08:09,38.14,EUR,declined,0
469,19,39,2024-01-01 19:25:40,55.69,USD,approved,0
559,80,50,2024-01-01 22:21:29,46.95,EUR,approved,0
951,10,46,2024-01-01 22:39:47,19.29,EUR,approved,0
263,30,23,2024-01-01 22:52:39,22.25,EUR,approved,0
499,93,24,2024-01-01 23:16:10,27.89,EUR,declined,0
322,11,14,2024-01-02 01:05:01,35.07,EUR,approved,0
866,70,21,2024-01-02 01:19:36,45.15,GBP,approved,0
764,94,31,2024-01-02 01:50:49,20.56,USD,approved,0
630,37,7,2024-01-02 03:45:00,43.85,USD,approved,0
203,50,50,2024-01-02 04:12:07,31.14,USD,approved,0
728,9,29,2024-01-02 04:52:06,25.0,USD,approved,0
38,83,1,2024-01-02 04:58:57,16.61,USD,approved,0
772,99,19,2024-01-02 05:05:14,17.35,EUR,approved,0
881,9,20,2024-01-02 05:15:52,80.45,EUR,approved,0
339,21,39,2024-01-02 07:17:00,23.62,EUR,approved,0
371,34,45,2024-01-02 07:38:07,51.85,USD,declined,0
522,15,36,2024-01-02 07:48:21,23.66,EUR,approved,0
780,86,35,2024-01-02 08:28:57,27.58,USD,approved,0
884,16,43,2024-01-02 11:21:52,29.57,USD,approved,0
412,23,29,2024-01-02 11:36:38,23.64,USD,approved,0
972,42,47,2024-01-02 12:36:00,61.35,EUR,approved,0
505,28,30,2024-01-02 12:37:13,21.31,USD,approved,0
278,79,39,2024-01-02 13:01:18,29.56,USD,approved,1
618,27,26,2024-01-02 13:51:16,34.2,GBP,approved,0
314,29,43,2024-01-02 14:01:16,92.17,USD,approved,0
488,54,1,2024-01-02 15:47:40,19.19,USD,approved,0
657,77,43,2024-01-02 17:57:17,34.38,GBP,declined,0
460,11,26,2024-01-02 18:49:49,13.74,GBP,approved,0
788,69,5,2024-01-02 19:04:24,21.18,USD,approved,0
982,71,32,2024-01-02 19:26:17,46.65,EUR,approved,0
373,42,23,2024-01-02 20:00:45,16.94,USD,reversed,0
2,78,37,2024-01-02 20:41:07,21.44,EUR,approved,0
525,32,31,2024-01-02 20:52:31,20.66,USD,approved,0
804,92,13,2024-01-02 21:26:39,29.46,USD,approved,0
888,20,21,2024-01-02 21:35:47,21.87,EUR,approved,0
129,58,28,2024-01-02 22:10:20,18.34,USD,approved,0
331,55,23,2024-01-02 22:54:59,12.24,USD,declined,0
711,68,18,2024-01-02 23:33:51,19.88,USD,approved,0
440,40,48,2024-01-02 23:34:37,17.37,GBP,approved,0
964,22,41,2024-01-03 00:06:52,25.5,GBP,approved,0
312,68,18,2024-01-03 00:36:47,34.58,EUR,approved,0
705,13,46,2024-01-03 01:36:34,47.61,USD,declined,0
795,44,24,2024-01-03 01:50:32,61.58,USD,declined,0
232,86,37,2024-01-03 02:08:28,12.89,EUR,approved,0
591,81,37,2024-01-03 02:46:28,52.46,EUR,declined,0
25,79,42,2024-01-03 04:27:12,52.8,USD,approved,0
669,92,27,2024-01-03 07:13:29,42.66,USD,approved,1
856,85,43,2024-01-03 07:45:14,41.26,USD,approved,0
479,67,12,2024-01-03 08:00:42,22.06,USD,approved,0
752,15,45,2024-01-03 10:07:45,59.61,USD,approved,0
635,19,21,2024-01-03 11:56:57,35.05,GBP,approved,0
366,52,1,2024-01-03 13:54:26,49.61,USD,approved,0
529,92,2,2024-01-03 14:11:24,20.41,EUR,approved,0
865,85,42,2024-01-03 14:28:06,7.92,USD,approved,0
317,74,36,2024-01-03 14:30:41,14.76,USD,approved,0
854,24,9,2024-01-03 16:37:20,34.25,EUR,approved,0
912,19,45,2024-01-03 17:13:00,28.7,USD,approved,0
33,10,37,2024-01-03 17:18:02,22.79,GBP,approved,0
82,44,50,2024-01-03 18:02:27,54.81,GBP,reversed,0
340,96,21,2024-01-03 18:47:03,25.39,USD,approved,0
816,84,6,2024-01-03 19:53:09,5.27,USD,declined,0
594,98,1,2024-01-03 20:08:26,183.91,EUR,approved,0
453,50,3,2024-01-03 20:26:21,46.11,USD,approved,0
266,59,2,2024-01-03 20:32:36,35.11,USD,declined,0
306,15,34,2024-01-03 21:11:18,30.37,GBP,approved,0
742,77,38,2024-01-03 21:42:11,29.78,EUR,approved,0
321,33,6,2024-01-03 23:09:29,53.81,EUR,approved,0
957,41,27,2024-01-03 23:16:28,21.18,USD,declined,0
472,81,35,2024-01-03 23:23:34,25.99,USD,approved,0
502,66,14,2024-01-03 23:52:42,22.55,EUR,approved,0
682,14,1,2024-01-04 00:47:47,27.13,USD,approved,0
556,51,9,2024-01-04 02:21:50,36.44,USD,approved,0
515,96,13,2024-01-04 02:27:28,14.82,EUR,approved,0
423,77,30,2024-01-04 02:44:49,25.18,USD,approved,0
623,17,47,2024-01-04 02:49:25,16.57,EUR,approved,0
615,69,4,2024-01-04 03:18:30,34.26,EUR,approved,0
475,64,49,2024-01-04 03:20:54,14.73,USD,reversed,0
177,72,16,2024-01-04 03:46:33,11.48,GBP,approved,0
265,99,12,2024-01-04 04:17:56,65.13,USD,approved,0
946,12,6,2024-01-04 05:15:53,12.32,EUR,approved,0
504,87,17,2024-01-04 05:19:48,28.74,USD,approved,0
244,65,25,2024-01-04 08:31:41,8.21,EUR,approved,0
911,78,4,2024-01-04 08:46:15,17.11,USD,approved,0
723,85,33,2024-01-04 09:47:33,10.83,GBP,approved,0
853,97,23,2024-01-04 10:08:11,75.28,EUR,approved,0
506,46,13,2024-01-04 11:02:06,44.3,USD,approved,0
215,74,4,2024-01-04 11:02:53,28.89,USD,approved,0
214,45,44,2024-01-04 11:18:25,43.38,USD,approved,0
681,73,48,2024-01-04 12:26:48,31.28,EUR,approved,0
786,59,13,2024-01-04 12:36:11,22.82,USD,approved,0
269,62,48,2024-01-04 13:07:49,34.6,EUR,declined,0
700,10,49,2024-01-04 13:14:50,21.19,USD,approved,0
364,90,11,2024-01-04 13:36:55,48.75,USD,declined,0
510,24,35,2024-01-04 15:49:03,53.41,USD,declined,0
923,45,42,2024-01-04 17:01:46,13.2,USD,approved,0
80,67,42,2024-01-04 18:34:51,82.25,USD,approved,0
830,3,50,2024-01-04 19:23:36,12.83,USD,approved,0
823,14,16,2024-01-04 19:24:26,64.26,USD,approved,0
819,67,7,2024-01-04 19:47:49,23.86,USD,approved,0
909,38,2,2024-01-04 19:52:03,19.49,EUR,approved,0
697,73,24,2024-01-04 20:00:03,40.43,USD,approved,0
550,69,1,2024-01-04 20:11:52,48.2,GBP,approved,0
699,6,18,2024-01-04 20:42:42,49.72,EUR,approved,0
6,86,47,2024-01-04 20:54:05,33.93,USD,approved,0
104,1,8,2024-01-04 21:08:28,16.64,GBP,approved,0
85,63,11,2024-01-04 22:31:56,75.06,GBP,declined,0
431,9,24,2024-01-04 23:14:19,61.23,USD,approved,0
761,18,20,2024-01-05 00:17:46,35.01,EUR,approved,0
207,77,26,2024-01-05 00:41:51,37.88,USD,approved,0
480,11,21,2024-01-05 00:58:41,20.47,USD,approved,0
727,73,48,2024-01-05 02:11:10,30.78,GBP,approved,0
378,75,38,2024-01-05 02:47:31,28.35,GBP,approved,0
234,76,38,2024-01-05 03:21:29,24.07,USD,approved,0
210,78,49,2024-01-05 03:35:48,21.78,USD,approved,0
108,67,46,2024-01-05 03:49:52,36.5,GBP,approved,0
736,68,40,2024-01-05 04:31:44,10.87,USD,approved,0
519,48,25,2024-01-05 07:07:54,85.2,USD,approved,1
302,83,21,2024-01-05 07:36:51,20.77,USD,approved,1
330,56,18,2024-01-05 09:44:30,60.9,USD,approved,0
889,2,4,2024-01-05 10:51:03,81.55,USD,approved,0
891,10,10,2024-01-05 10:59:15,48.96,GBP,approved,0
63,37,8,2024-01-05 11:39:04,28.78,EUR,approved,0
663,4,10,2024-01-05 11:49:36,20.38,GBP,approved,0
639,80,10,2024-01-05 12:44:35,11.19,USD,approved,0
8,70,26,2024-01-05 13:40:30,14.64,USD,approved,0
13,74,13,2024-01-05 14:17:07,32.85,GBP,approved,0
308,56,12,2024-01-05 14:32:18,54.89,EUR,approved,0
886,74,9,2024-01-05 14:35:35,18.51,EUR,approved,0
222,46,28,2024-01-05 14:51:13,17.9,USD,declined,0
249,79,17,2024-01-05 16:07:20,61.25,USD,approved,0
792,46,45,2024-01-05 16:08:43,31.48,USD,approved,0
868,84,39,2024-01-05 17:25:00,79.99,GBP,approved,0
427,87,34,2024-01-05 17:35:02,17.49,GBP,approved,0
660,29,13,2024-01-05 19:37:24,52.64,GBP,approved,0
933,26,42,2024-01-05 20:42:27,12.23,EUR,approved,0
369,3,49,2024-01-05 20:50:40,19.58,USD,approved,0
95,90,17,2024-01-05 20:56:07,14.5,EUR,approved,0
433,83,9,2024-01-05 20:59:36,16.74,USD,approved,0
720,60,26,2024-01-05 21:38:31,26.47,USD,approved,0
596,81,9,2024-01-05 23:33:54,46.99,GBP,approved,0
297,85,14,2024-01-06 00:31:17,92.39,USD,approved,0
200,97,32,2024-01-06 00:44:37,35.77,USD,approved,0
328,4,5,2024-01-06 00:57:38,12.74,USD,approved,0
940,51,11,2024-01-06 01:35:18,47.14,USD,approved,0
534,29,10,2024-01-06 02:38:44,59.09,EUR,approved,0
450,29,6,2024-01-06 03:48:41,43.0,USD,approved,0
805,74,7,2024-01-06 03:56:51,44.1,USD,approved,0
103,81,46,2024-01-06 03:57:30,20.29,USD,approved,0
51,76,26,2024-01-06 04:02:47,34.49,EUR,declined,0
931,54,5,2024-01-06 05:25:21,10.21,GBP,approved,0
370,78,32,2024-01-06 06:14:58,28.91,USD,approved,0
478,2,20,2024-01-06 06:49:10,16.49,EUR,approved,0
368,32,23,2024-01-06 06:55:47,84.38,USD,declined,0
248,42,24,2024-01-06 06:58:35,38.7,GBP,approved,0
147,4,27,2024-01-06 07:03:08,44.92,EUR,approved,0
32,23,9,2024-01-06 07:36:34,32.67,USD,approved,0
275,42,39,2024-01-06 08:02:26,24.29,GBP,approved,0
381,1,50,2024-01-06 09:17:20,23.28,GBP,declined,0
483,26,15,2024-01-06 09:48:34,15.85,EUR,approved,0
613,79,34,2024-01-06 10:39:22,10.11,USD,approved,0
926,95,7,2024-01-06 11:37:20,22.91,USD,approved,0
385,4,20,2024-01-06 12:13:09,15.09,EUR,approved,0
929,42,10,2024-01-06 13:37:51,64.97,USD,approved,0
741,82,22,2024-01-06 13:43:31,23.96,USD,approved,0
674,10,38,2024-01-06 15:04:43,40.22,GBP,approved,0
944,48,2,2024-01-06 15:17:26,21.79,GBP,approved,0
738,34,5,2024-01-06 15:42:05,33.4,USD,approved,0
810,100,48,2024-01-06 16:20:30,25.2,EUR,approved,0
71,80,34,2024-01-06 16:26:11,46.21,USD,declined,0
392,18,27,2024-01-06 18:27:23,38.04,EUR,approved,0
220,91,23,2024-01-06 18:39:55,27.98,USD,approved,0
993,20,15,2024-01-06 19:01:27,45.82,USD,approved,0
554,32,31,2024-01-06 19:06:35,32.91,USD,approved,0
861,97,37,2024-01-06 19:24:54,42.59,USD,approved,0
851,99,5,2024-01-06 20:18:56,54.37,USD,approved,0
890,28,23,2024-01-06 20:29:22,51.92,GBP,approved,0
466,97,6,2024-01-06 20:45:01,16.19,GBP,approved,0
94,39,20,2024-01-06 22:25:23,26.59,USD,approved,0
813,69,34,2024-01-06 22:30:50,48.36,USD,approved,0
745,80,11,2024-01-06 23:05:55,63.34,USD,declined,0
511,100,17,2024-01-06 23:24:04,28.75,USD,approved,0
815,78,45,2024-01-06 23:55:33,35.73,USD,approved,0
349,19,37,2024-01-07 01:03:24,33.91,USD,approved,0
900,62,17,2024-01-07 01:20:39,85.01,USD,approved,0
116,57,25,2024-01-07 01:48:58,15.53,USD,approved,0
643,86,23,2024-01-07 02:13:06,21.58,USD,declined,0
773,1,19,2024-01-07 02:28:49,15.3,EUR,declined,0
765,37,29,2024-01-07 03:13:00,17.12,USD,approved,0
496,42,22,2024-01-07 03:52:51,17.91,EUR,approved,0
870,5,39,2024-01-07 04:11:24,60.33,USD,approved,0
474,47,11,2024-01-07 05:01:45,71.96,USD,approved,0
360,75,19,2024-01-07 06:01:59,28.32,USD,approved,0
523,20,10,2024-01-07 07:10:38,33.74,EUR,approved,0
277,47,33,2024-01-07 07:11:11,14.57,EUR,approved,0
444,49,22,2024-01-07 08:50:22,30.63,USD,declined,0
470,94,4,2024-01-07 10:08:47,51.39,EUR,approved,0
734,78,44,2024-01-07 10:18:54,33.85,EUR,approved,0
602,78,37,2024-01-07 10:28:05,93.08,EUR,approved,0
665,60,27,2024-01-07 10:41:53,32.56,USD,approved,0
462,15,16,2024-01-07 10:55:42,61.32,EUR,approved,0
839,2,12,2024-01-07 11:11:19,24.42,USD,approved,0
553,83,27,2024-01-07 12:08:17,49.17,USD,approved,0
874,13,48,2024-01-07 13:28:01,32.45,GBP,approved,0
194,37,36,2024-01-07 13:34:36,26.28,USD,approved,0
358,90,7,2024-01-07 13:48:58,57.95,USD,approved,0
394,60,38,2024-01-07 14:58:28,49.56,USD,approved,0
703,17,35,2024-01-07 15:16:20,72.29,USD,approved,0
299,29,27,2024-01-07 15:48:37,17.84,EUR,approved,0
241,15,26,2024-01-07 16:59:39,16.83,GBP,approved,0
747,54,50,2024-01-07 17:43:00,25.19,USD,declined,0
914,99,39,2024-01-07 18:40:07,86.12,GBP,approved,0
315,25,46,2024-01-07 19:13:16,64.83,EUR,declined,0
968,32,24,2024-01-07 20:08:12,23.43,EUR,approved,1
936,95,9,2024-01-07 20:37:29,16.51,EUR,approved,0
175,70,1,2024-01-07 23:53:08,39.25,USD,approved,0
209,27,15,2024-01-08 00:51:23,39.22,USD,approved,0
293,96,23,2024-01-08 01:21:36,22.34,USD,approved,0
882,86,14,2024-01-08 02:10:46,29.55,GBP,approved,0
641,68,37,2024-01-08 04:25:41,38.63,USD,approved,0
182,16,47,2024-01-08 04:57:46,44.78,USD,approved,0
967,61,19,2024-01-08 05:11:34,117.23,USD,approved,1
667,51,38,2024-01-08 05:18:44,124.45,GBP,approved,0
253,19,4,2024-01-08 07:25:56,48.65,USD,approved,0
162,67,25,2024-01-08 07:49:39,34.05,USD,approved,0
487,34,9,2024-01-08 07:53:46,21.09,EUR,approved,0
687,41,22,2024-01-08 08:00:24,18.81,EUR,approved,0
751,97,47,2024-01-08 08:31:14,53.21,USD,approved,0
100,14,22,2024-01-08 09:36:35,30.34,EUR,approved,0
237,67,1,2024-01-08 11:35:43,25.04,USD,approved,0
399,29,2,2024-01-08 13:22:40,41.93,USD,approved,0
126,57,43,2024-01-08 15:40:37,12.52,USD,approved,0
608,52,30,2024-01-08 17:20:38,32.48,USD,approved,0
346,26,50,2024-01-08 17:21:55,10.46,USD,approved,0
188,39,30,2024-01-08 17:37:19,66.8,USD,approved,0
79,57,21,2024-01-08 18:08:51,18.95,EUR,approved,0
421,93,48,2024-01-08 18:10:19,51.16,EUR,approved,0
418,13,22,2024-01-08 19:19:58,98.04,USD,approved,0
895,75,7,2024-01-08 19:47:20,16.26,USD,approved,0
492,87,25,2024-01-08 22:39:40,38.37,EUR,approved,0
301,37,38,2024-01-09 00:32:09,16.35,USD,approved,0
333,31,22,2024-01-09 01:15:27,39.03,USD,approved,0
658,64,44,2024-01-09 02:38:45,35.32,EUR,approved,0
238,44,7,2024-01-09 02:51:18,137.66,EUR,approved,0
430,72,40,2024-01-09 02:54:06,45.87,USD,approved,0
577,93,28,2024-01-09 03:04:07,25.09,GBP,approved,0
106,79,10,2024-01-09 06:06:35,22.63,GBP,declined,0
955,79,49,2024-01-09 07:22:38,64.46,USD,reversed,0
45,7,36,2024-01-09 07:58:56,29.16,USD,approved,0
849,82,27,2024-01-09 09:32:40,71.85,USD,approved,0
109,48,48,2024-01-09 09:59:17,51.31,USD,approved,0
311,67,27,2024-01-09 10:00:42,25.26,GBP,approved,0
111,28,32,2024-01-09 10:23:42,33.62,USD,approved,0
871,46,3,2024-01-09 11:30:31,19.27,USD,approved,0
787,4,10,2024-01-09 11:31:27,12.82,GBP,approved,0
979,36,3,2024-01-09 11:38:56,60.18,GBP,reversed,0
110,71,3,2024-01-09 12:08:05,12.78,GBP,approved,0
706,57,43,2024-01-09 12:45:57,69.99,USD,approved,0
812,88,33,2024-01-09 13:57:14,17.21,EUR,approved,0
193,61,9,2024-01-09 14:12:58,45.69,GBP,approved,0
219,45,41,2024-01-09 14:15:43,21.42,USD,approved,0
419,30,44,2024-01-09 15:38:36,77.88,USD,approved,0
807,55,1,2024-01-09 15:55:22,47.71,USD,approved,0
398,20,33,2024-01-09 16:08:24,61.94,USD,approved,0
186,45,16,2024-01-09 16:18:37,34.19,GBP,approved,0
229,55,8,2024-01-09 16:32:24,30.42,USD,approved,0
41,17,36,2024-01-09 16:33:27,23.58,USD,approved,0
541,71,24,2024-01-09 16:38:34,25.25,EUR,approved,0
197,35,36,2024-01-09 17:18:25,41.81,GBP,approved,0
583,11,26,2024-01-09 17:40:32,104.57,USD,approved,0
255,67,33,2024-01-09 20:27:24,18.04,EUR,approved,0
273,16,47,2024-01-09 21:49:25,29.12,EUR,declined,0
833,46,30,2024-01-10 00:08:41,68.14,EUR,approved,0
467,17,32,2024-01-10 00:50:19,23.34,EUR,approved,0
997,53,28,2024-01-10 01:11:20,60.19,GBP,approved,0
776,96,7,2024-01-10 01:16:14,17.7,USD,approved,0
52,20,19,2024-01-10 01:47:08,46.01,USD,approved,0
21,51,3,2024-01-10 02:05:17,43.38,GBP,approved,0
708,58,46,2024-01-10 02:44:00,11.88,EUR,approved,0
89,77,33,2024-01-10 03:37:24,46.1,USD,approved,0
187,17,8,2024-01-10 03:52:29,30.83,EUR,approved,0
595,33,36,2024-01-10 04:05:34,41.26,USD,declined,0
127,8,43,2024-01-10 05:33:11,8.11,EUR,approved,0
309,32,21,2024-01-10 05:39:48,19.09,USD,approved,0
355,97,11,2024-01-10 06:35:54,36.68,GBP,approved,0
808,12,25,2024-01-10 07:40:15,29.12,USD,approved,0
781,88,3,2024-01-10 07:53:26,69.24,USD,approved,0
434,14,29,2024-01-10 10:37:11,9.08,EUR,approved,0
867,82,6,2024-01-10 10:57:30,8.74,USD,approved,0
167,33,2,2024-01-10 11:33:06,8.11,EUR,approved,0
272,3,6,2024-01-10 13:11:41,32.51,EUR,declined,0
16,79,42,2024-01-10 13:47:33,30.03,EUR,approved,0
484,80,6,2024-01-10 14:41:09,8.95,USD,approved,0
271,30,19,2024-01-10 14:43:56,31.36,USD,approved,0
130,64,33,2024-01-10 14:45:13,25.2,GBP,approved,0
588,10,4,2024-01-10 14:54:54,44.65,USD,approved,0
928,31,7,2024-01-10 14:55:42,49.46,USD,approved,0
552,40,43,2024-01-10 15:10:53,96.19,USD,approved,0
292,27,43,2024-01-10 15:30:46,22.84,USD,approved,0
152,29,26,2024-01-10 15:59:43,28.46,EUR,approved,0
283,68,20,2024-01-10 17:05:50,44.88,EUR,approved,0
526,32,3,2024-01-10 17:14:03,27.83,EUR,approved,0
83,17,48,2024-01-10 17:54:45,38.17,USD,approved,0
921,88,20,2024-01-10 18:25:15,28.1,USD,approved,0
307,31,13,2024-01-10 18:38:35,15.96,USD,approved,0
537,46,8,2024-01-10 18:44:36,39.74,GBP,declined,0
92,81,23,2024-01-10 19:06:49,21.44,USD,approved,0
347,100,43,2024-01-10 19:38:59,44.09,USD,approved,0
151,86,19,2024-01-10 20:14:55,39.37,USD,approved,0
576,38,16,2024-01-10 21:04:08,51.53,GBP,approved,0
69,8,17,2024-01-10 21:54:50,9.2,USD,approved,0
650,85,42,2024-01-10 22:06:56,37.59,EUR,approved,0
160,79,18,2024-01-11 00:33:36,20.99,USD,approved,0
637,24,9,2024-01-11 01:36:46,55.84,USD,approved,0
204,70,39,2024-01-11 02:00:48,97.41,GBP,approved,0
367,47,16,2024-01-11 02:49:05,55.5,USD,approved,0
323,62,28,2024-01-11 03:25:22,7.68,EUR,approved,0
461,73,40,2024-01-11 04:50:16,17.18,USD,approved,0
327,24,34,2024-01-11 06:23:14,64.43,EUR,approved,0
491,94,14,2024-01-11 06:25:32,34.26,USD,approved,0
74,13,27,2024-01-11 06:30:03,16.46,USD,approved,0
30,45,17,2024-01-11 06:45:13,36.86,USD,approved,0
485,47,21,2024-01-11 07:32:49,26.37,GBP,approved,0
740,90,11,2024-01-11 07:46:53,20.33,USD,approved,0
590,85,2,2024-01-11 08:55:34,16.88,EUR,approved,0
998,37,50,2024-01-11 10:19:30,23.04,EUR,approved,0
910,10,48,2024-01-11 10:29:18,53.16,USD,approved,1
425,42,13,2024-01-11 10:56:23,9.93,USD,approved,0
585,41,32,2024-01-11 12:18:20,14.48,USD,approved,0
282,49,37,2024-01-11 14:24:11,80.35,USD,approved,0
885,82,31,2024-01-11 15:50:45,53.9,EUR,approved,0
490,61,26,2024-01-11 17:18:22,110.01,EUR,approved,0
562,5,13,2024-01-11 18:14:39,20.61,GBP,approved,0
759,13,29,2024-01-11 19:04:00,22.43,EUR,approved,0
486,24,44,2024-01-11 19:44:46,11.23,USD,approved,0
53,37,26,2024-01-11 20:03:13,56.68,USD,approved,0
850,61,9,2024-01-11 20:21:04,38.74,USD,declined,0
827,69,6,2024-01-11 20:36:46,50.32,USD,approved,0
441,98,39,2024-01-11 20:52:23,23.74,USD,approved,0
191,69,21,2024-01-11 21:01:33,24.44,EUR,approved,0
145,100,17,2024-01-11 21:02:41,27.46,USD,approved,0
893,53,44,2024-01-11 22:19:48,32.38,USD,declined,0
763,95,1,2024-01-11 22:23:44,34.87,USD,approved,0
201,37,44,2024-01-11 23:31:09,138.68,GBP,approved,0
56,5,50,2024-01-11 23:45:41,37.57,GBP,approved,0
356,100,25,2024-01-12 00:53:28,25.1,USD,approved,0
279,7,1,2024-01-12 01:29:25,20.25,EUR,approved,0
767,62,26,2024-01-12 01:55:37,36.25,EUR,approved,0
587,69,42,2024-01-12 02:16:08,49.22,GBP,approved,0
696,26,35,2024-01-12 02:23:19,47.49,USD,approved,0
407,44,18,2024-01-12 03:08:41,29.21,GBP,approved,0
415,2,30,2024-01-12 03:51:47,17.48,USD,approved,0
654,81,30,2024-01-12 04:36:13,37.31,USD,approved,0
680,94,26,2024-01-12 05:36:50,70.49,EUR,approved,0
724,12,37,2024-01-12 07:14:54,18.15,USD,approved,0
920,64,27,2024-01-12 08:22:59,31.44,USD,approved,0
592,91,18,2024-01-12 08:35:12,15.88,EUR,approved,0
569,65,46,2024-01-12 08:54:49,37.46,EUR,approved,0
544,18,29,2024-01-12 10:07:38,38.52,USD,declined,0
875,70,21,2024-01-12 12:09:03,24.66,USD,approved,0
581,10,15,2024-01-12 12:15:32,57.6,USD,approved,0
405,50,9,2024-01-12 12:26:51,39.41,USD,approved,0
428,81,46,2024-01-12 13:27:57,37.33,USD,approved,0
848,6,28,2024-01-12 14:09:57,33.38,USD,approved,0
835,86,21,2024-01-12 15:24:12,66.62,EUR,approved,0
779,28,16,2024-01-12 15:52:11,19.27,USD,approved,0
600,65,36,2024-01-12 16:08:58,17.19,EUR,approved,0
683,96,2,2024-01-12 16:35:27,167.74,USD,approved,0
216,28,6,2024-01-12 16:50:42,12.57,GBP,approved,0
574,5,41,2024-01-12 17:52:27,26.1,USD,approved,0
852,81,13,2024-01-12 17:53:05,39.16,USD,approved,0
622,48,1,2024-01-12 18:35:20,41.77,EUR,approved,0
384,25,45,2024-01-12 18:54:03,13.48,USD,approved,0
12,98,40,2024-01-12 18:54:27,65.04,USD,approved,0
59,75,22,2024-01-12 19:50:22,27.41,EUR,approved,0
342,30,7,2024-01-12 20:01:36,43.18,GBP,approved,0
291,81,12,2024-01-12 20:09:49,20.81,USD,approved,0
800,45,27,2024-01-12 22:00:28,46.09,EUR,approved,0
3,66,28,2024-01-12 22:12:54,19.84,USD,approved,0
546,6,30,2024-01-12 22:13:04,64.95,USD,approved,0
374,38,22,2024-01-12 22:55:29,42.47,GBP,approved,0
134,56,39,2024-01-12 23:46:00,21.38,EUR,approved,0
140,44,27,2024-01-13 00:02:39,17.45,EUR,approved,0
225,73,21,2024-01-13 00:46:43,22.56,EUR,approved,0
524,83,8,2024-01-13 00:54:38,28.47,USD,approved,0
73,47,38,2024-01-13 01:57:14,59.67,USD,approved,0
163,41,43,2024-01-13 02:02:09,52.31,USD,approved,0
60,69,16,2024-01-13 02:15:39,10.37,EUR,approved,0
746,37,49,2024-01-13 03:35:44,27.75,USD,approved,0
915,60,17,2024-01-13 05:09:11,26.77,GBP,approved,0
509,27,44,2024-01-13 05:16:26,25.58,USD,approved,0
76,48,9,2024-01-13 05:52:22,18.62,USD,approved,0
564,19,46,2024-01-13 06:14:31,31.76,EUR,approved,0
192,64,14,2024-01-13 07:11:14,71.07,USD,approved,0
357,16,18,2024-01-13 08:20:41,49.33,EUR,approved,0
17,52,20,2024-01-13 10:02:04,116.47,EUR,approved,0
473,44,23,2024-01-13 10:37:01,19.73,USD,approved,0
749,32,41,2024-01-13 10:43:47,47.78,USD,approved,0
290,48,32,2024-01-13 11:59:58,56.58,USD,approved,0
698,60,8,2024-01-13 12:41:09,20.38,EUR,approved,0
420,51,24,2024-01-13 13:25:56,12.48,GBP,approved,0
495,29,21,2024-01-13 13:27:29,37.68,USD,approved,0
70,47,1,2024-01-13 13:53:48,47.96,USD,approved,0
962,41,50,2024-01-13 15:40:17,27.98,USD,approved,0
476,79,16,2024-01-13 16:22:06,86.71,EUR,reversed,1
224,21,33,2024-01-13 16:24:58,69.2,USD,approved,1
925,25,19,2024-01-13 16:34:18,49.92,USD,approved,0
341,64,27,2024-01-13 16:50:21,32.34,EUR,approved,0
250,5,49,2024-01-13 16:55:00,30.01,USD,approved,0
276,49,36,2024-01-13 17:50:21,57.33,USD,approved,0
694,95,20,2024-01-13 17:59:06,17.37,USD,approved,0
990,79,47,2024-01-13 20:16:56,54.13,EUR,approved,0
760,73,30,2024-01-13 20:53:55,13.58,EUR,approved,0
762,56,21,2024-01-13 22:22:29,20.88,EUR,approved,0
566,24,23,2024-01-13 22:41:37,13.69,USD,approved,0
717,52,33,2024-01-14 00:12:03,44.2,USD,declined,0
7,9,43,2024-01-14 00:31:20,15.3,USD,approved,0
661,18,31,2024-01-14 01:00:25,46.2,EUR,approved,0
934,65,48,2024-01-14 01:01:37,39.86,EUR,approved,0
999,97,15,2024-01-14 01:10:54,10.96,GBP,approved,0
318,73,30,2024-01-14 02:08:52,37.58,USD,approved,0
954,43,24,2024-01-14 02:24:02,13.95,USD,approved,0
916,46,26,2024-01-14 03:14:45,7.66,EUR,approved,0
841,29,22,2024-01-14 03:19:14,24.68,USD,approved,0
565,89,28,2024-01-14 04:34:40,14.88,EUR,approved,0
78,23,9,2024-01-14 04:50:09,12.03,GBP,approved,0
135,80,31,2024-01-14 05:04:15,41.55,EUR,approved,0
521,36,44,2024-01-14 06:40:35,36.69,GBP,approved,0
157,13,7,2024-01-14 06:47:40,190.29,EUR,approved,0
146,86,25,2024-01-14 07:38:19,74.8,USD,approved,0
802,31,24,2024-01-14 08:24:41,20.68,USD,approved,0
860,81,37,2024-01-14 09:10:20,28.16,USD,approved,0
735,21,44,2024-01-14 10:04:59,36.74,GBP,approved,0
382,94,15,2024-01-14 11:05:06,33.33,USD,approved,0
40,64,42,2024-01-14 11:44:07,16.3,GBP,approved,0
435,44,16,2024-01-14 12:19:54,28.22,GBP,approved,0
217,8,26,2024-01-14 12:25:55,59.93,USD,declined,0
578,53,40,2024-01-14 12:45:12,60.22,GBP,approved,0
645,78,7,2024-01-14 13:33:55,28.0,GBP,approved,0
243,10,49,2024-01-14 13:51:57,36.05,GBP,approved,0
47,45,12,2024-01-14 14:03:52,9.35,EUR,approved,0
205,46,33,2024-01-14 15:12:46,67.68,USD,declined,0
391,75,16,2024-01-14 15:13:56,22.54,USD,approved,0
337,97,32,2024-01-14 15:27:04,27.21,USD,approved,0
991,35,27,2024-01-14 16:21:37,24.02,EUR,approved,0
846,1,31,2024-01-14 16:36:38,24.63,EUR,approved,0
180,51,2,2024-01-14 16:38:44,29.3,GBP,approved,0
845,1,38,2024-01-14 16:47:35,41.33,EUR,approved,0
4,44,45,2024-01-14 17:56:55,43.63,USD,approved,0
507,54,46,2024-01-14 19:04:44,38.21,USD,approved,0
20,46,6,2024-01-14 19:59:29,92.16,USD,approved,0
274,96,34,2024-01-14 20:04:13,13.94,USD,approved,0
730,66,6,2024-01-14 20:26:36,46.03,USD,approved,0
189,24,29,2024-01-14 20:28:46,29.75,USD,approved,0
582,84,11,2024-01-14 20:30:32,49.21,USD,approved,0
716,80,44,2024-01-14 21:50:47,34.16,USD,approved,0
465,1,43,2024-01-14 22:00:24,32.04,EUR,approved,0
409,94,1,2024-01-14 22:10:55,26.51,USD,approved,0
77,34,36,2024-01-14 22:20:41,51.91,EUR,approved,0
354,44,46,2024-01-14 22:34:09,32.97,USD,approved,0
644,49,30,2024-01-14 23:20:43,52.62,USD,approved,0
527,93,16,2024-01-15 01:15:02,37.3,USD,approved,0
976,23,3,2024-01-15 01:41:01,18.64,USD,approved,0
454,3,13,2024-01-15 02:22:05,5.75,USD,approved,0
549,52,25,2024-01-15 02:31:19,67.58,USD,approved,0
913,38,1,2024-01-15 03:47:51,30.91,USD,approved,0
26,65,3,2024-01-15 04:24:16,20.37,USD,approved,0
395,72,11,2024-01-15 04:40:18,44.04,GBP,approved,0
463,75,3,2024-01-15 05:21:46,10.46,EUR,approved,0
459,85,14,2024-01-15 05:45:30,27.37,USD,approved,0
980,57,40,2024-01-15 06:24:14,30.64,EUR,approved,0
456,56,4,2024-01-15 06:47:09,5.32,USD,approved,0
239,31,15,2024-01-15 06:50:51,11.67,EUR,approved,0
960,42,10,2024-01-15 08:07:17,8.2,USD,approved,0
769,14,4,2024-01-15 08:32:23,122.92,USD,approved,0
178,17,10,2024-01-15 10:02:14,59.4,USD,approved,0
686,81,27,2024-01-15 10:52:11,21.83,GBP,approved,0
844,4,43,2024-01-15 11:42:56,25.51,USD,approved,0
416,68,40,2024-01-15 14:03:29,11.06,EUR,declined,0
958,64,27,2024-01-15 14:07:19,22.66,USD,approved,0
156,67,30,2024-01-15 16:40:24,45.57,USD,approved,0
298,44,34,2024-01-15 17:42:19,129.1,GBP,approved,0
739,74,1,2024-01-15 18:25:45,29.11,USD,approved,0
540,3,32,2024-01-15 19:26:38,125.02,EUR,approved,0
977,10,47,2024-01-15 19:57:06,18.36,USD,approved,0
642,92,3,2024-01-15 21:25:14,11.84,USD,approved,1
664,21,28,2024-01-15 21:32:42,34.49,USD,reversed,1
11,53,14,2024-01-15 21:39:05,35.36,GBP,approved,0
948,14,46,2024-01-15 22:18:22,26.77,EUR,approved,0
538,12,6,2024-01-15 23:01:13,31.35,USD,approved,0
597,58,33,2024-01-16 00:28:00,24.64,USD,approved,0
254,33,40,2024-01-16 00:33:05,30.94,EUR,approved,0
350,17,30,2024-01-16 03:00:30,58.94,USD,approved,0
685,17,18,2024-01-16 03:50:51,21.51,USD,approved,0
251,18,13,2024-01-16 04:37:17,23.37,USD,approved,0
715,93,33,2024-01-16 04:39:41,40.49,EUR,approved,0
901,1,27,2024-01-16 05:22:06,84.94,USD,approved,0
952,31,31,2024-01-16 05:53:56,85.23,EUR,approved,0
66,33,20,2024-01-16 06:25:57,63.26,GBP,approved,0
313,12,39,2024-01-16 07:13:17,15.22,USD,approved,0
743,64,23,2024-01-16 08:40:38,34.97,USD,approved,0
959,98,34,2024-01-16 09:04:13,47.93,USD,approved,0
811,5,13,2024-01-16 09:44:51,42.51,EUR,approved,0
876,51,7,2024-01-16 11:20:38,34.84,USD,approved,0
264,93,42,2024-01-16 11:51:02,104.98,USD,approved,1
133,10,40,2024-01-16 14:02:14,29.84,EUR,approved,0
950,28,17,2024-01-16 14:04:32,24.01,USD,declined,0
714,77,37,2024-01-16 14:43:45,15.96,USD,approved,1
477,85,25,2024-01-16 15:26:17,32.46,EUR,declined,1
432,74,10,2024-01-16 15:46:52,20.7,USD,approved,0
777,43,17,2024-01-16 15:54:03,32.35,USD,approved,0
732,42,46,2024-01-16 16:01:14,18.94,USD,approved,0
489,77,6,2024-01-16 18:06:43,19.63,USD,approved,0
29,55,29,2024-01-16 18:24:19,40.33,USD,approved,0
518,7,3,2024-01-16 18:45:48,37.73,USD,approved,0
609,97,12,2024-01-16 18:51:09,45.53,USD,approved,0
411,18,4,2024-01-16 21:58:18,55.88,USD,approved,0
539,55,36,2024-01-16 22:12:20,24.08,EUR,approved,0
949,95,1,2024-01-16 22:22:37,7.98,USD,approved,0
48,90,31,2024-01-16 22:37:04,32.27,EUR,approved,0
593,24,20,2024-01-16 23:08:37,66.38,USD,approved,0
607,33,8,2024-01-16 23:21:04,59.07,USD,declined,0
310,11,43,2024-01-17 00:21:53,178.71,GBP,approved,0
766,79,47,2024-01-17 00:54:45,38.11,USD,approved,0
794,83,14,2024-01-17 01:07:36,7.93,USD,approved,0
666,70,20,2024-01-17 02:16:16,37.19,USD,approved,0
896,62,43,2024-01-17 02:47:51,8.92,USD,approved,0
351,54,4,2024-01-17 03:55:47,10.26,USD,declined,0
336,81,50,2024-01-17 04:02:17,27.24,USD,approved,0
139,35,38,2024-01-17 04:15:10,85.34,EUR,approved,0
924,15,22,2024-01-17 05:08:35,24.28,USD,approved,0
821,3,16,2024-01-17 05:22:10,69.49,USD,approved,0
118,14,30,2024-01-17 06:17:48,61.39,USD,declined,0
836,78,7,2024-01-17 07:19:00,57.78,USD,approved,0
137,61,37,2024-01-17 08:01:19,40.15,GBP,approved,0
154,30,46,2024-01-17 08:04:29,34.71,USD,approved,0
775,85,39,2024-01-17 08:29:04,19.03,USD,reversed,0
343,63,6,2024-01-17 08:49:47,27.59,EUR,approved,0
834,15,4,2024-01-17 08:53:11,25.64,USD,approved,0
119,25,37,2024-01-17 09:05:46,8.77,GBP,approved,0
404,98,17,2024-01-17 12:39:15,61.22,GBP,approved,0
252,50,21,2024-01-17 13:34:23,8.45,GBP,approved,0
335,47,27,2024-01-17 14:16:27,10.9,EUR,approved,0
586,93,16,2024-01-17 15:10:02,18.24,USD,declined,0
31,46,25,2024-01-17 16:10:15,22.88,USD,approved,0
426,20,41,2024-01-17 20:04:50,38.86,USD,approved,0
62,75,35,2024-01-17 20:30:34,6.36,EUR,approved,0
634,38,45,2024-01-17 21:07:15,54.12,EUR,approved,0
604,14,16,2024-01-17 21:07:26,41.59,EUR,approved,0
883,45,9,2024-01-17 21:21:39,9.65,USD,approved,0
436,13,6,2024-01-17 22:08:54,23.36,GBP,approved,0
688,60,21,2024-01-17 22:21:45,58.09,GBP,approved,0
656,54,12,2024-01-17 22:51:21,28.35,EUR,approved,0
402,78,13,2024-01-17 23:49:22,17.27,USD,approved,0
798,46,10,2024-01-18 00:33:45,38.4,GBP,approved,0
647,47,18,2024-01-18 00:49:27,76.75,GBP,approved,0
580,11,31,2024-01-18 00:54:45,39.52,GBP,approved,0
857,25,19,2024-01-18 01:06:27,27.86,GBP,approved,0
892,71,13,2024-01-18 01:22:12,48.08,EUR,approved,0
303,1,35,2024-01-18 02:18:08,22.69,USD,approved,0
199,34,41,2024-01-18 03:06:15,51.99,USD,reversed,0
737,74,26,2024-01-18 05:26:41,29.72,GBP,approved,0
247,76,43,2024-01-18 06:27:23,25.23,EUR,reversed,0
530,93,46,2024-01-18 07:20:23,14.64,USD,declined,0
561,54,15,2024-01-18 07:43:53,33.41,GBP,approved,0
626,24,50,2024-01-18 08:51:49,52.79,USD,approved,0
679,53,47,2024-01-18 09:19:09,40.1,USD,approved,0
719,24,21,2024-01-18 09:25:00,47.55,USD,approved,0
729,49,23,2024-01-18 10:28:19,110.67,GBP,approved,0
123,66,14,2024-01-18 11:18:47,46.07,USD,approved,0
753,9,32,2024-01-18 11:24:52,71.88,USD,approved,0
37,86,46,2024-01-18 12:14:11,40.19,USD,approved,0
548,60,43,2024-01-18 13:01:19,17.0,USD,approved,0
464,42,3,2024-01-18 13:45:19,65.2,EUR,approved,0
190,31,1,2024-01-18 13:53:31,21.84,EUR,approved,0
345,91,10,2024-01-18 15:01:57,35.0,EUR,approved,0
235,50,32,2024-01-18 15:47:19,15.65,USD,approved,0
947,98,8,2024-01-18 15:58:04,39.43,USD,approved,0
560,86,43,2024-01-18 16:19:06,44.08,EUR,approved,0
65,42,38,2024-01-18 16:29:20,25.67,USD,approved,0
966,59,38,2024-01-18 18:55:43,65.38,USD,declined,0
676,73,50,2024-01-18 19:52:34,26.82,USD,approved,0
614,39,35,2024-01-18 22:07:26,28.31,USD,approved,0
973,48,35,2024-01-18 22:28:32,17.98,EUR,approved,0
445,51,7,2024-01-18 22:39:47,48.01,USD,approved,0
24,93,43,2024-01-18 23:46:50,40.37,USD,approved,0
414,14,40,2024-01-19 01:07:19,16.17,USD,approved,0
213,79,24,2024-01-19 03:32:12,35.91,EUR,declined,0
183,50,35,2024-01-19 04:28:43,7.78,EUR,approved,0
692,80,45,2024-01-19 05:11:32,51.36,USD,approved,1
124,48,13,2024-01-19 07:14:36,21.72,USD,approved,0
144,41,43,2024-01-19 07:21:49,14.11,USD,approved,0
494,61,17,2024-01-19 07:32:57,22.37,USD,approved,0
971,30,42,2024-01-19 08:02:32,13.29,EUR,approved,0
864,78,19,2024-01-19 08:47:56,33.35,GBP,approved,0
27,41,4,2024-01-19 10:01:18,56.08,USD,approved,0
927,55,18,2024-01-19 11:50:35,12.61,USD,approved,0
629,51,20,2024-01-19 11:57:34,22.7,GBP,approved,0
393,37,50,2024-01-19 12:21:09,27.67,GBP,approved,0
904,89,13,2024-01-19 12:48:28,44.18,EUR,approved,0
726,12,40,2024-01-19 13:28:28,33.46,USD,approved,0
825,63,39,2024-01-19 13:45:34,43.6,USD,approved,0
417,97,32,2024-01-19 13:48:34,51.31,USD,approved,0
508,25,24,2024-01-19 14:05:23,31.4,EUR,approved,0
226,31,49,2024-01-19 14:09:40,48.62,USD,approved,0
917,55,15,2024-01-19 15:03:53,44.82,USD,approved,0
907,42,15,2024-01-19 17:54:26,64.82,GBP,approved,0
359,10,6,2024-01-19 18:17:35,44.27,USD,approved,0
128,77,32,2024-01-19 18:20:39,58.3,EUR,approved,1
898,6,44,2024-01-19 18:42:44,40.22,USD,approved,0
179,91,13,2024-01-19 18:53:01,33.28,GBP,approved,0
829,87,31,2024-01-19 18:58:52,59.3,USD,approved,0
721,14,5,2024-01-19 19:10:47,118.24,USD,approved,0
996,63,1,2024-01-19 22:22:01,34.94,USD,approved,0
158,56,43,2024-01-19 23:11:08,11.4,USD,approved,0
10,10,27,2024-01-19 23:14:37,11.47,EUR,approved,0
231,47,42,2024-01-19 23:30:57,24.03,USD,approved,0
568,25,31,2024-01-19 23:52:02,6.95,USD,approved,0
185,50,22,2024-01-20 00:19:59,13.53,USD,approved,0
758,39,31,2024-01-20 00:38:55,31.22,USD,approved,0
970,4,8,2024-01-20 03:04:42,98.81,USD,approved,0
992,55,22,2024-01-20 03:18:52,26.0,USD,approved,0
689,45,47,2024-01-20 03:24:51,26.61,GBP,approved,0
437,57,22,2024-01-20 04:21:04,13.06,USD,approved,0
184,70,23,2024-01-20 08:16:11,48.86,USD,approved,0
448,96,48,2024-01-20 09:19:45,36.18,GBP,approved,0
72,19,11,2024-01-20 09:53:30,39.87,USD,approved,0
15,72,26,2024-01-20 10:18:58,29.53,EUR,approved,0
986,66,40,2024-01-20 10:41:32,157.93,GBP,approved,0
361,85,5,2024-01-20 11:02:51,9.35,USD,reversed,0
481,29,8,2024-01-20 13:06:42,15.41,USD,approved,0
754,94,20,2024-01-20 13:12:07,96.25,EUR,approved,0
905,46,17,2024-01-20 13:21:42,151.28,USD,approved,0
324,92,45,2024-01-20 13:37:31,18.36,USD,approved,1
258,11,28,2024-01-20 13:56:04,24.12,EUR,declined,0
930,58,48,2024-01-20 14:17:53,32.23,USD,declined,0
380,27,28,2024-01-20 14:32:55,19.29,EUR,approved,0
551,81,15,2024-01-20 15:18:19,15.51,USD,approved,0
86,71,42,2024-01-20 15:58:21,28.73,GBP,approved,0
396,88,30,2024-01-20 16:22:23,21.86,USD,approved,0
619,7,7,2024-01-20 16:43:56,9.08,USD,approved,0
195,96,27,2024-01-20 17:21:19,28.74,USD,approved,0
23,19,44,2024-01-20 17:55:39,35.47,EUR,approved,0
584,6,21,2024-01-20 18:18:08,20.95,USD,approved,0
22,38,4,2024-01-20 19:09:53,46.43,USD,approved,0
50,78,6,2024-01-20 19:11:48,35.85,USD,approved,0
897,51,29,2024-01-20 19:15:52,36.24,EUR,approved,0
771,66,17,2024-01-20 19:42:43,44.3,USD,approved,0
1000,52,15,2024-01-20 21:01:16,10.49,GBP,approved,0
88,32,50,2024-01-20 21:17:41,20.45,EUR,approved,0
242,59,39,2024-01-20 21:41:10,24.63,EUR,approved,0
877,54,12,2024-01-20 22:16:28,174.24,USD,approved,0
563,50,13,2024-01-21 00:02:03,35.8,USD,approved,0
84,84,28,2024-01-21 00:35:33,31.09,USD,approved,0
102,20,24,2024-01-21 00:51:05,36.02,USD,approved,0
722,94,38,2024-01-21 01:11:53,38.12,USD,approved,0
616,64,9,2024-01-21 01:38:32,15.31,GBP,declined,0
659,8,42,2024-01-21 03:52:37,37.68,EUR,reversed,0
280,9,44,2024-01-21 04:01:49,35.4,GBP,approved,0
932,70,25,2024-01-21 04:27:15,50.58,USD,approved,0
817,5,12,2024-01-21 05:14:06,15.38,GBP,approved,0
112,79,12,2024-01-21 05:48:37,29.02,USD,approved,0
438,93,33,2024-01-21 07:11:22,43.46,EUR,declined,0
34,56,16,2024-01-21 08:13:39,17.41,USD,reversed,0
468,60,20,2024-01-21 09:15:34,17.99,USD,approved,0
632,33,45,2024-01-21 09:54:05,48.31,EUR,approved,0
285,45,20,2024-01-21 10:27:20,49.54,EUR,approved,0
267,45,3,2024-01-21 12:02:42,18.83,USD,approved,0
136,31,3,2024-01-21 13:30:28,43.45,EUR,approved,0
256,15,5,2024-01-21 14:02:14,35.73,GBP,approved,0
718,50,19,2024-01-21 16:53:28,44.91,USD,approved,0
517,89,25,2024-01-21 18:13:55,10.63,EUR,approved,1
75,69,24,2024-01-21 21:29:48,110.53,USD,approved,0
375,89,45,2024-01-21 23:23:49,46.86,USD,declined,0
501,12,27,2024-01-21 23:34:56,36.55,USD,approved,0
181,94,31,2024-01-21 23:52:48,13.7,GBP,approved,0
211,27,32,2024-01-21 23:55:21,31.39,USD,approved,0
141,99,45,2024-01-22 00:34:38,32.04,USD,approved,0
120,12,25,2024-01-22 01:00:05,40.75,EUR,approved,0
155,44,16,2024-01-22 03:21:08,22.05,USD,approved,0
842,66,5,2024-01-22 03:29:00,19.41,USD,approved,0
774,72,20,2024-01-22 04:10:25,85.6,USD,approved,0
707,1,50,2024-01-22 04:23:35,179.04,USD,approved,0
820,100,15,2024-01-22 05:38:51,10.07,USD,approved,0
799,32,24,2024-01-22 05:40:46,63.48,USD,approved,0
408,15,44,2024-01-22 07:35:00,49.76,USD,approved,0
245,63,44,2024-01-22 07:49:52,38.17,EUR,declined,1
353,30,25,2024-01-22 10:20:06,39.03,USD,approved,0
295,55,48,2024-01-22 10:24:17,64.04,USD,declined,0
55,50,4,2024-01-22 10:26:39,12.07,EUR,approved,0
941,70,9,2024-01-22 10:53:01,25.34,GBP,approved,0
981,59,33,2024-01-22 12:22:41,34.54,USD,approved,0
131,57,21,2024-01-22 12:57:25,14.41,USD,approved,0
19,84,3,2024-01-22 14:05:11,26.2,EUR,approved,0
985,59,32,2024-01-22 14:08:45,54.14,USD,approved,0
969,93,42,2024-01-22 14:10:11,32.78,EUR,approved,0
64,97,36,2024-01-22 14:14:36,29.58,GBP,approved,0
938,15,28,2024-01-22 15:46:22,29.67,USD,declined,0
793,73,18,2024-01-22 15:57:42,49.65,USD,approved,0
598,78,37,2024-01-22 16:38:30,11.18,USD,approved,0
855,29,6,2024-01-22 17:10:19,44.6,USD,approved,0
859,67,27,2024-01-22 17:37:36,126.55,GBP,approved,1
67,91,47,2024-01-22 18:04:30,67.97,USD,approved,0
18,13,25,2024-01-22 18:50:58,13.81,EUR,approved,0
268,35,19,2024-01-22 20:02:49,24.11,USD,approved,0
691,100,39,2024-01-22 21:10:48,31.88,GBP,approved,0
573,29,37,2024-01-22 21:57:38,49.19,USD,approved,0
709,48,13,2024-01-22 21:57:45,21.26,EUR,approved,0
87,10,41,2024-01-22 23:48:27,11.38,USD,approved,0
965,95,41,2024-01-23 00:26:02,35.18,GBP,approved,0
57,55,23,2024-01-23 01:00:00,21.57,USD,approved,0
400,32,15,2024-01-23 01:00:07,14.32,EUR,approved,0
344,52,29,2024-01-23 03:12:51,25.9,USD,approved,0
58,16,39,2024-01-23 03:43:39,72.76,USD,approved,0
115,51,10,2024-01-23 05:54:58,13.84,USD,approved,0
638,30,32,2024-01-23 07:17:28,20.44,USD,approved,0
172,10,32,2024-01-23 08:23:38,20.12,EUR,approved,0
125,86,43,2024-01-23 08:46:48,30.83,EUR,approved,0
403,33,15,2024-01-23 09:03:34,77.29,USD,approved,0
43,71,21,2024-01-23 09:24:36,73.34,USD,approved,0
325,98,44,2024-01-23 09:38:50,50.03,USD,approved,0
987,62,42,2024-01-23 10:16:47,26.43,USD,approved,0
294,34,1,2024-01-23 11:09:03,23.59,EUR,approved,0
44,36,19,2024-01-23 11:43:31,40.37,USD,declined,0
352,5,20,2024-01-23 12:11:29,10.13,USD,approved,0
49,68,34,2024-01-23 12:41:21,109.78,EUR,declined,0
99,64,3,2024-01-23 12:53:50,53.81,USD,approved,0
362,90,4,2024-01-23 13:04:24,52.54,USD,approved,0
348,94,36,2024-01-23 13:40:36,33.1,USD,approved,0
503,97,12,2024-01-23 14:16:22,28.15,GBP,approved,0
514,82,17,2024-01-23 15:04:31,91.65,GBP,approved,0
429,3,14,2024-01-23 15:18:35,12.98,EUR,approved,0
606,54,45,2024-01-23 15:59:18,29.85,USD,approved,0
422,70,50,2024-01-23 17:41:43,77.73,USD,approved,0
605,83,7,2024-01-23 17:53:05,27.51,USD,approved,0
365,12,28,2024-01-23 19:00:23,19.54,USD,approved,0
783,13,2,2024-01-23 20:28:46,14.35,EUR,approved,0
176,47,17,2024-01-23 21:03:53,63.48,USD,approved,0
943,92,44,2024-01-23 21:22:24,39.2,GBP,approved,0
281,28,37,2024-01-23 21:25:28,26.23,EUR,approved,0
843,91,41,2024-01-23 22:14:26,6.31,USD,declined,0
174,73,9,2024-01-23 22:33:37,32.78,EUR,declined,0
107,79,13,2024-01-23 23:26:33,16.48,GBP,approved,0
937,16,19,2024-01-24 00:41:31,25.4,EUR,approved,1
121,44,1,2024-01-24 01:44:55,67.61,USD,approved,0
995,53,38,2024-01-24 02:46:10,25.89,EUR,approved,0
922,58,27,2024-01-24 02:57:24,53.21,USD,approved,0
575,1,8,2024-01-24 04:31:04,35.45,USD,approved,0
447,32,47,2024-01-24 04:56:58,33.76,EUR,approved,0
212,72,40,2024-01-24 05:31:18,12.69,EUR,approved,0
320,77,20,2024-01-24 05:43:45,79.63,EUR,approved,0
662,74,31,2024-01-24 05:56:01,34.01,USD,approved,0
96,29,5,2024-01-24 08:16:08,22.71,USD,approved,0
449,53,37,2024-01-24 08:16:40,24.98,USD,approved,0
858,6,30,2024-01-24 09:30:22,42.22,USD,approved,0
603,74,42,2024-01-24 09:57:28,39.01,USD,approved,0
988,32,11,2024-01-24 10:51:54,25.16,USD,approved,0
648,54,34,2024-01-24 14:23:16,17.67,GBP,approved,0
284,50,41,2024-01-24 14:58:26,15.07,USD,approved,0
9,21,37,2024-01-24 15:05:51,14.07,USD,approved,0
725,79,27,2024-01-24 17:09:55,11.65,USD,approved,0
236,72,18,2024-01-24 17:19:52,42.36,USD,approved,0
809,40,5,2024-01-24 17:43:06,10.94,EUR,approved,0
671,96,39,2024-01-24 18:08:59,35.12,USD,declined,1
801,2,3,2024-01-24 18:50:38,7.95,USD,approved,0
702,62,9,2024-01-24 20:13:13,18.8,EUR,approved,0
547,43,35,2024-01-24 20:15:49,31.3,USD,declined,0
832,25,48,2024-01-24 20:58:03,65.69,EUR,declined,1
899,8,38,2024-01-24 21:23:44,68.41,USD,approved,0
257,68,12,2024-01-24 21:27:40,23.33,USD,declined,0
206,27,46,2024-01-24 22:12:28,21.81,USD,approved,0
5,44,7,2024-01-24 22:28:23,59.93,USD,approved,0
557,74,45,2024-01-24 22:56:18,32.56,USD,approved,0
902,5,27,2024-01-25 00:25:12,18.2,USD,approved,0
567,23,49,2024-01-25 00:29:07,46.48,USD,approved,0
983,55,3,2024-01-25 00:47:03,18.49,EUR,approved,0
497,12,28,2024-01-25 00:48:32,57.1,USD,approved,0
535,58,41,2024-01-25 00:58:01,34.91,GBP,approved,0
296,53,26,2024-01-25 01:00:01,48.29,USD,approved,0
571,95,4,2024-01-25 01:28:56,72.6,EUR,approved,0
93,85,43,2024-01-25 03:36:16,23.36,EUR,approved,0
545,84,12,2024-01-25 03:48:36,14.26,USD,approved,0
532,17,1,2024-01-25 04:27:26,45.93,GBP,approved,0
935,45,8,2024-01-25 05:45:17,19.44,USD,approved,0
748,32,19,2024-01-25 06:27:29,43.06,EUR,approved,0
161,100,30,2024-01-25 06:35:04,46.83,USD,approved,0
684,96,40,2024-01-25 07:53:35,41.95,USD,approved,0
159,51,20,2024-01-25 09:20:46,40.22,USD,approved,0
196,9,32,2024-01-25 11:33:37,12.93,EUR,approved,0
873,12,31,2024-01-25 13:08:49,38.72,USD,approved,0
338,32,15,2024-01-25 13:49:26,30.3,USD,approved,0
516,11,47,2024-01-25 14:15:44,52.56,USD,declined,1
288,58,12,2024-01-25 15:17:10,39.98,USD,approved,0
945,13,20,2024-01-25 15:57:22,19.7,USD,approved,0
984,65,38,2024-01-25 15:59:37,51.62,EUR,approved,0
372,67,18,2024-01-25 16:38:14,34.28,USD,approved,0
334,83,41,2024-01-25 16:38:58,27.65,USD,approved,0
326,24,10,2024-01-25 16:39:06,68.56,USD,approved,0
424,59,34,2024-01-25 19:09:36,35.19,USD,approved,0
610,86,7,2024-01-25 19:17:19,29.44,USD,approved,0
81,95,47,2024-01-25 19:36:29,28.32,USD,approved,0
406,51,8,2024-01-25 20:33:13,36.39,EUR,approved,0
822,67,39,2024-01-25 21:36:49,33.38,USD,approved,0
455,60,29,2024-01-25 21:37:36,67.64,USD,approved,1
286,94,3,2024-01-25 23:07:35,20.81,EUR,approved,0
246,9,50,2024-01-25 23:25:15,103.73,USD,approved,0
790,2,38,2024-01-26 00:59:22,66.65,GBP,approved,0
863,13,43,2024-01-26 01:18:57,65.64,USD,approved,0
784,13,48,2024-01-26 02:58:57,58.3,USD,approved,0
704,18,10,2024-01-26 03:09:22,48.43,USD,approved,0
208,97,37,2024-01-26 04:12:18,33.16,EUR,approved,0
451,97,15,2024-01-26 04:40:52,20.73,USD,approved,0
457,15,50,2024-01-26 05:08:25,22.88,USD,declined,0
826,10,46,2024-01-26 06:21:04,41.17,USD,approved,0
168,17,20,2024-01-26 07:11:32,85.99,GBP,approved,1
439,9,16,2024-01-26 07:53:12,25.28,USD,declined,0
36,7,38,2024-01-26 09:07:31,17.07,USD,approved,0
621,44,14,2024-01-26 09:58:22,42.28,EUR,approved,0
149,83,35,2024-01-26 10:03:51,29.06,USD,approved,0
919,26,23,2024-01-26 11:33:33,33.97,GBP,approved,0
319,94,23,2024-01-26 12:30:49,16.9,USD,approved,0
655,56,8,2024-01-26 12:38:30,44.42,USD,approved,0
673,64,14,2024-01-26 13:05:11,26.4,EUR,approved,0
640,95,14,2024-01-26 13:32:40,83.6,USD,approved,0
512,75,12,2024-01-26 13:42:54,27.55,USD,declined,0
377,74,49,2024-01-26 14:40:04,37.78,USD,approved,0
150,6,43,2024-01-26 14:52:07,26.3,USD,approved,0
672,62,29,2024-01-26 16:03:44,134.65,USD,approved,0
994,44,32,2024-01-26 16:29:05,20.15,EUR,approved,0
153,92,22,2024-01-26 16:45:41,32.28,GBP,approved,0
482,83,1,2024-01-26 19:24:10,35.05,USD,approved,0
869,45,2,2024-01-26 19:27:25,36.66,GBP,approved,0
198,12,50,2024-01-26 19:36:37,11.52,USD,approved,0
98,69,38,2024-01-26 19:39:13,52.61,EUR,approved,0
332,38,36,2024-01-26 19:46:36,32.96,USD,approved,0
847,16,21,2024-01-26 21:02:07,105.77,USD,approved,0
903,22,36,2024-01-26 21:22:18,26.81,EUR,approved,0
601,62,16,2024-01-26 21:32:46,13.9,USD,approved,0
906,71,13,2024-01-26 22:10:42,80.48,GBP,approved,0
558,88,39,2024-01-26 23:37:26,22.28,GBP,approved,0
818,11,13,2024-01-27 00:27:29,102.69,USD,declined,0
879,55,37,2024-01-27 03:12:38,62.16,GBP,approved,0
105,80,16,2024-01-27 03:14:11,18.84,EUR,approved,0
797,97,49,2024-01-27 03:17:30,40.41,GBP,approved,0
756,44,16,2024-01-27 03:24:52,33.39,USD,approved,0
390,16,46,2024-01-27 04:27:30,49.25,GBP,approved,0
710,47,11,2024-01-27 05:31:14,22.88,EUR,approved,0
386,13,12,2024-01-27 06:03:38,9.75,USD,approved,0
142,22,17,2024-01-27 06:04:38,65.34,GBP,approved,0
227,81,6,2024-01-27 07:58:08,23.97,USD,approved,0
1,9,41,2024-01-27 08:15:14,59.01,USD,declined,0
678,9,21,2024-01-27 08:15:58,55.02,USD,approved,0
652,66,1,2024-01-27 08:42:35,44.6,EUR,approved,0
304,90,45,2024-01-27 08:55:46,17.56,USD,approved,0
651,49,10,2024-01-27 10:01:19,41.86,EUR,approved,0
701,53,14,2024-01-27 10:28:12,24.22,USD,approved,0
757,74,18,2024-01-27 12:36:08,33.34,GBP,reversed,0
240,63,3,2024-01-27 13:05:28,37.42,USD,approved,0
91,44,26,2024-01-27 14:53:36,12.93,USD,declined,0
498,38,40,2024-01-27 15:37:23,16.09,GBP,approved,0
452,93,3,2024-01-27 16:59:24,44.97,USD,approved,1
471,74,45,2024-01-27 18:29:09,11.8,USD,approved,0
42,76,43,2024-01-27 18:35:28,22.77,EUR,approved,0
300,3,2,2024-01-27 18:58:56,34.54,USD,approved,0
61,93,39,2024-01-27 19:53:29,15.47,USD,approved,0
446,67,2,2024-01-27 20:02:53,16.5,GBP,approved,0
978,58,18,2024-01-27 21:39:49,39.09,USD,approved,0
838,20,16,2024-01-27 23:13:24,21.12,USD,approved,0
939,47,48,2024-01-28 01:54:47,22.5,USD,approved,0
778,12,9,2024-01-28 02:09:07,31.37,EUR,approved,0
989,25,11,2024-01-28 02:26:39,52.53,USD,approved,0
287,17,46,2024-01-28 04:23:34,23.42,GBP,approved,0
68,38,33,2024-01-28 05:06:07,29.9,EUR,approved,0
693,94,33,2024-01-28 07:15:19,19.92,USD,approved,0
114,46,15,2024-01-28 07:26:07,32.86,USD,approved,0
785,48,37,2024-01-28 08:21:24,44.5,USD,approved,0
894,99,36,2024-01-28 08:57:47,37.28,USD,approved,0
164,41,27,2024-01-28 09:07:25,67.04,EUR,approved,0
101,84,24,2024-01-28 09:30:41,26.17,USD,approved,0
633,44,5,2024-01-28 09:40:07,35.84,EUR,approved,0
113,56,10,2024-01-28 10:21:36,40.65,USD,approved,0
305,55,31,2024-01-28 11:19:35,17.62,USD,approved,0
796,30,11,2024-01-28 11:20:10,16.29,USD,approved,0
531,60,5,2024-01-28 11:20:52,41.86,EUR,approved,0
383,95,18,2024-01-28 12:52:30,56.11,GBP,approved,0
625,61,28,2024-01-28 15:21:08,61.16,EUR,approved,0
961,16,42,2024-01-28 15:38:33,10.84,USD,approved,0
14,77,16,2024-01-28 15:44:01,8.53,GBP,approved,0
831,25,18,2024-01-28 16:29:20,43.29,USD,approved,0
166,82,6,2024-01-28 17:11:22,65.32,USD,approved,0
624,42,1,2024-01-28 17:12:29,36.42,USD,approved,0
533,16,47,2024-01-28 17:57:28,38.05,USD,approved,0
570,58,50,2024-01-28 19:16:26,24.86,EUR,approved,0
612,47,8,2024-01-28 19:48:12,14.24,USD,approved,0
493,76,2,2024-01-28 21:07:28,11.41,USD,approved,0
500,43,43,2024-01-28 21:21:35,23.3,EUR,approved,0
862,93,15,2024-01-28 22:05:34,70.43,USD,approved,0
413,28,13,2024-01-28 22:17:24,22.88,EUR,approved,0
675,63,36,2024-01-28 22:23:09,20.51,USD,approved,0
733,93,35,2024-01-28 22:40:18,18.18,USD,approved,0
572,42,19,2024-01-28 23:36:04,24.63,USD,declined,0
228,58,50,2024-01-28 23:41:18,38.43,EUR,approved,0
887,6,33,2024-01-28 23:42:08,29.79,USD,approved,0
695,10,9,2024-01-29 01:09:47,37.89,USD,approved,0
458,64,23,2024-01-29 01:35:24,61.27,EUR,approved,0
631,74,29,2024-01-29 01:41:59,37.23,EUR,approved,0
782,64,17,2024-01-29 01:49:45,20.42,GBP,approved,0
148,24,39,2024-01-29 01:52:29,37.23,USD,declined,0
169,34,50,2024-01-29 01:58:58,41.47,USD,approved,0
878,75,45,2024-01-29 02:02:50,54.64,EUR,approved,0
649,97,49,2024-01-29 02:07:07,20.51,USD,approved,0
289,55,6,2024-01-29 02:16:10,24.65,USD,approved,0
942,41,13,2024-01-29 02:24:07,59.63,EUR,approved,0
953,62,4,2024-01-29 02:27:21,11.92,EUR,approved,0
791,10,30,2024-01-29 02:36:07,17.78,EUR,approved,1
233,2,49,2024-01-29 03:40:53,14.45,USD,approved,0
97,24,42,2024-01-29 04:36:25,21.39,GBP,approved,0
713,73,44,2024-01-29 04:48:05,27.67,EUR,approved,0
828,90,50,2024-01-29 07:14:07,129.86,EUR,approved,1
620,14,50,2024-01-29 08:46:27,19.12,USD,approved,0
918,79,25,2024-01-29 08:53:57,21.77,USD,declined,0
221,13,33,2024-01-29 09:02:56,13.46,USD,approved,0
397,5,31,2024-01-29 09:32:15,29.93,EUR,approved,0
744,28,2,2024-01-29 10:04:12,47.6,USD,approved,0
54,47,48,2024-01-29 10:13:32,9.99,USD,approved,0
528,15,7,2024-01-29 11:01:29,20.9,GBP,approved,0
908,18,9,2024-01-29 11:10:01,26.24,USD,approved,0
28,83,15,2024-01-29 12:02:38,14.53,USD,approved,0
122,67,5,2024-01-29 14:06:15,30.21,USD,approved,0
387,7,29,2024-01-29 14:08:32,33.77,USD,approved,0
165,42,26,2024-01-29 15:12:22,37.17,EUR,approved,0
389,90,45,2024-01-29 16:06:40,26.29,USD,approved,0
543,20,5,2024-01-29 16:40:39,42.97,EUR,approved,0
770,38,10,2024-01-29 18:16:09,39.11,USD,approved,0
117,4,50,2024-01-29 19:37:03,33.71,USD,approved,0
731,73,39,2024-01-29 19:57:25,51.2,USD,approved,0
363,23,18,2024-01-29 20:31:25,68.93,USD,approved,0
677,59,8,2024-01-29 20:45:11,38.45,USD,approved,0
143,28,47,2024-01-29 20:57:46,70.72,USD,approved,0
513,85,38,2024-01-29 21:05:20,35.26,USD,approved,0
670,14,37,2024-01-29 21:46:39,62.87,USD,approved,0
814,29,25,2024-01-29 22:20:55,57.11,EUR,approved,0
837,81,48,2024-01-29 23:04:10,155.01,USD,approved,0
668,87,34,2024-01-29 23:05:58,24.19,USD,approved,0
599,63,43,2024-01-30 01:18:20,23.07,EUR,approved,0
806,79,3,2024-01-30 01:30:06,53.18,USD,approved,0
579,90,6,2024-01-30 01:53:55,18.24,GBP,approved,0
589,84,44,2024-01-30 02:34:10,35.21,GBP,approved,0
611,84,39,2024-01-30 02:52:28,26.97,USD,reversed,0
542,6,13,2024-01-30 03:02:13,22.21,USD,approved,0
840,92,28,2024-01-30 03:41:55,27.56,USD,approved,0
963,85,8,2024-01-30 04:46:37,83.93,EUR,approved,0
750,16,36,2024-01-30 05:34:49,25.52,USD,approved,0
388,84,17,2024-01-30 06:25:43,16.93,GBP,approved,0
872,21,11,2024-01-30 06:31:47,13.05,EUR,declined,0
824,66,44,2024-01-30 06:38:46,39.1,GBP,approved,0
132,56,34,2024-01-30 06:48:44,14.21,GBP,approved,0
270,60,3,2024-01-30 07:11:53,33.87,USD,approved,0
880,64,6,2024-01-30 07:34:43,54.95,USD,approved,0
170,3,46,2024-01-30 08:18:25,63.23,USD,approved,0
536,16,2,2024-01-30 08:36:59,41.9,USD,approved,0
627,34,29,2024-01-30 08:48:15,31.28,USD,approved,0
230,18,15,2024-01-30 10:11:28,55.92,EUR,approved,0
974,48,18,2024-01-30 10:35:55,35.22,EUR,approved,0
555,99,23,2024-01-30 10:57:06,85.98,EUR,declined,0
690,79,5,2024-01-30 11:08:38,35.75,EUR,approved,0
35,89,4,2024-01-30 14:03:07,26.78,USD,approved,0
379,38,26,2024-01-30 15:10:18,80.4,EUR,approved,0
39,28,22,2024-01-30 15:20:20,50.76,EUR,approved,1
653,21,3,2024-01-30 15:38:08,57.21,USD,approved,0
803,52,23,2024-01-30 16:12:23,35.98,EUR,declined,1
376,10,48,2024-01-30 17:04:46,34.91,USD,approved,0
755,56,32,2024-01-30 17:20:01,19.69,GBP,approved,0
46,98,8,2024-01-30 18:06:05,44.67,USD,approved,0
260,59,41,2024-01-30 18:16:12,14.83,USD,approved,0
617,25,40,2024-01-30 18:28:54,32.44,USD,approved,0
768,48,24,2024-01-30 19:21:03,46.88,USD,approved,0
956,62,21,2024-01-30 20:16:00,74.74,GBP,approved,1
520,60,24,2024-01-30 21:36:27,44.4,USD,approved,0
173,78,20,2024-01-30 21:39:24,36.15,USD,approved,0
218,10,37,2024-01-30 22:59:55,41.21,USD,declined,0
262,18,47,2024-01-30 23:35:01,14.32,USD,approved,0
